2,Disney
3,"Stardoll {fe28308fd}"
4,"BlueShell Games {1d9181a67}"
5,Kochava
6,"Hothead Games"
7,"PLAYXPERT, LLC"
19,Demographer
20,"Velti Media {c475687be}"
21,"OpenX Technologies"
22,"NativeX Network"
23,"Mojiva Network {e45d87b8c}"
24,"HuntAdkins {da13f4294}"
25,Alegrium
26,"Kochava Conversion Demo"
27,Ad4Screen
28,TopGame
29,"TinyCo Inc"
30,"Shop at Home"
31,"UI Demo"
32,"M&C Saatchi"
33,"Pandora Media"
34,"Tricia Test Advertiser Acct {44e1ed0ff}"
35,"PublishingatZ2Live {8ab50293a}"
36,"EasyJoy.net-ChenChen {a42e0eb13}"
37,"Mindshare World"
38,"BackFlip Studios"
39,"Aeria {f22aa353e}"
42,"AnchorFree {27d846106}"
43,"My account {dfa4d1bc0}"
45,AppRedeem
46,"Arkalis {e075a1a4a}"
49,Bitrhymes
50,"BreakTime Studios {caefc96f4}"
52,"Chenchen {caddbd069}"
53,"Bossy Boots {76d665453}"
55,Crowdstar
56,"Cupid {3e50cdf1b}"
57,"Cyber Agent"
59,DCasali
60,Difference
61,DMingori
62,EA
63,eComCon
64,"Elephant Mouse {2e07d3aa3}"
65,EngageMe
66,"F Stallings"
67,"FusePowered {ed6c3f678}"
68,"GameDuell {f2747bfa2}"
69,"GameHouse {45bba028a}"
70,"Gamer DNA"
71,"Games Network"
72,"Pinnatta {5298d5da1}"
73,Golflogix
74,Gree
75,"Happy Latte"
77,"Horizon Media {6456240b2}"
78,"Intense Games {edc05f3d8}"
79,Itriage
81,"JHolder {d3015b3ed}"
82,"Jingit {0b9a6a17b}"
83,"Jnolz {f142b6d3b}"
84,Jutera
85,"Kabam {98fe97700}"
86,Kallard
87,"Kallard2 {9ded908c2}"
88,KFarley
89,Kixeye
90,"Kochava Test D Dempsey {f757ae643}"
91,"K Ryan"
93,"LMelgoza {95e163467}"
94,LSerra
95,"Merch Service"
96,"Milkman Games {2abefe558}"
97,"Mint-iPad {e611d5a8e}"
98,Mobelabb
99,MobileFuse
100,MobilityWare
101,Playdom
102,"YeahMobi {7bd197eac}"
103,Clickmob
105,"My Health"
106,Ngmoco
107,"Z2Live {5c294dffd}"
108,"N McArthur"
109,"Norman B Jr"
111,Outblaze
112,Pbhushan
113,"JollyMole {eb576a8fd}"
114,PerBlue
115,"PhoenixAge {384c4cf38}"
116,Activision
117,"Plethora {058fcb0b9}"
118,"Squaretrade {aaa845e1c}"
120,"Pixonic {d3df85275}"
121,"Poker Minds North {573aa5dff}"
122,"Preitz {b3a2df133}"
123,"Uken Games"
124,"Unified Game Tech {f152ed3d8}"
125,"Ubermedia {5ff269862}"
126,"Release Pro"
127,"Remedy {b8079e2e7}"
128,"Translate Abroad {c66cc0879}"
129,"RenRen {4880943e5}"
130,Thumb.it
131,"Saban {abdbb0a7d}"
132,"PlayFirst {8d0b7d48c}"
133,Thebroth
134,SuperCell
135,Storm8
136,"Scopely {c65bf8d78}"
137,"Shared2You {8c6ce932b}"
138,"Sport Street {a56eb1e1f}"
139,MachineZone
143,"My super role {988c2af21}"
144,"GUI.de {936c20bd7}"
145,"SkyVu Entertainment"
147,"Kochava Test Beta {487bd98fa}"
148,"Gannett Co. {67424d369}"
151,"Kochava Test2 {db0e71943}"
152,CPAMob
153,"PowerSlyde Inc {a4a3f3cbd}"
155,Sift
156,Gramble
157,"Tanuki Entertainment {fe93831e3}"
159,OpenX
160,"Tooyoou {6af761d22}"
161,"Team Velti {3206b999e}"
162,Inteliscope
163,Appia
164,"Sega Inc {8370ebeda}"
165,"Fetch Mobile"
166,"Funstage {b736ab9a7}"
167,"Millennial Media"
168,"test publisher {3be2fe561}"
176,"Motive Interactive"
177,"Mob Partner"
178,Raftika
179,Orbitz
180,Altrooz
181,Applovin
182,LeadBolt
183,AdColony
184,Venzimedia
185,"Richards Group"
189,"FL Studio Mobile {7ff767970}"
190,Zedge
191,"CBS Interactive"
192,Fluent
193,"Life Street Corporation"
194,Purple-Brain
195,Fybber
196,MoPub
197,HitFox
198,Manage
199,mylikes
200,AppAdvice
201,"Fresh Planet"
202,Surikate
203,"Fractional Media"
204,URX
205,Optilly
206,"Optilly {2b3ff8c02}"
207,"Virurl {d035d7baf}"
208,MdotM
209,Adloqi
210,Playhaven
211,"Jesse Test Account"
212,"Jumpramp Games"
213,Trophit
214,Adgorithms
215,"Red Bull Media House"
216,Kiwiup
217,IWin
218,Appthegame
219,"Mango Health"
220,"Mango Health {a85b8551b}"
221,"DoubleDown Interactive"
222,"Kochava Demo"
223,"Pact. Inc"
224,BuySellAds
225,"Koolbit {45c6be3a1}"
226,GetJar
227,startmeapp
228,"Centrify {46ef5a301}"
229,Sincetimes
231,"Jasons account #4 {a37839400}"
232,"kochava_disney {73eb2dc1b}"
236,"Jasons facebook {45dd8fe4e}"
240,"Jasons powerless account {9bf74191e}"
241,"Jason&#39;s prenup power up {f5b5e3f94}"
242,"Tyler Test Account"
244,Ikigaming
245,"Gamerizon {b5436a107}"
246,JumpTap
247,Glitchsoft
248,"The-Saints {2aa0d22ac}"
249,"Seeking Alpha"
250,"Facebook - KFC Australia"
251,"Ask Network {b3fa09a28}"
252,MotilityAds
